WWR,R-value,Infiltration
0.300275385,11.23806629,0.052819391
0.29128045,11.04333983,0.04843425
0.313892187,10.95272963,0.051999306
0.276539325,11.64147256,0.051633688
