WWR,R-value
0.30076543,11.5296312
0.29057028,10.26915065
0.30243894,11.30105471
0.29662722,11.6441619
0.30656187,11.07181397
0.31562036,10.79693405
0.28879552,11.2342617
0.30510069,10.85289546
0.28048918,10.62764418
0.29522972,11.37319182
0.3097311,10.93206043
0.29804701,11.45358138
0.28669683,11.04007275
0.31243957,10.87778231
0.30692435,10.47674778
0.29348395,11.11865558
0.30341687,10.55851137
0.29941022,10.74177374
0.31691607,11.16865571
0.2920276,10.95474961
